title,summary,date,embedding
Vedanta Aluminium receives BIS certification for high-quality 12 mm aluminium wire rods,"Vedanta Aluminium has received a certification from the Bureau of Indian Standards (BIS) for its 12 mm aluminium wire rods manufactured at the BALCO facility in Korba, India. In addition, the company has acquired six renewed certifications for other products.",2024-08-02 17:11," This certification from BIS is a significant achievement for Vedanta Aluminium, as it demonstrates the company's commitment to producing high-quality products that meet national standards. The certification for the 12 mm aluminium wire rods is especially noteworthy, as these products are widely used in various industries for electrical and mechanical applications.

The six renewed certifications for other products also highlight Vedanta Aluminium's dedication to maintaining high standards across its product range. These certifications serve as a testament to the company's focus on quality and excellence in manufacturing"
Bauxite-rich Guinea redrafts political landscape with new constitution,Guinea's military leadership has introduced a draft constitution to reduce presidential terms and limit the number of terms a president can serve the West African nation with the world's largest bauxite reserves on record.,2024-08-02 17:07,"The proposed constitution includes provisions to limit the president to two terms in office, with each term lasting five years. Additionally, the draft constitution states that the president must be at least 35 years old and a Guinean citizen by birth.

The military leaders in Guinea have stated that these constitutional changes are aimed at promoting democracy and preventing leaders from staying in power for extended periods of time. However, the draft constitution has faced criticism from opposition groups who argue that it does not go far enough in limiting the"
"Aluminum billets : This week's performance was relatively stable, and the off-season market atmosphere did not see significant improvement","Although aluminum billet inventory slightly decreased mid-week, the inventory was affected by low domestic inflow.",2024-08-02 17:02," 

This led to a slight drop in aluminum billet inventory levels, as there was not enough incoming stock to replenish what was being used or sold. This could potentially lead to an increase in prices if the trend continues and demand remains steady. It is important for suppliers and manufacturers to closely monitor inventory levels and adjust their production and purchasing strategies accordingly to avoid any disruptions in supply."
"Aluminum ingot inventory built-up showed signs of accelerating, surpassing 800,000 mt this week","As of August 1, 2024, SMM reported a total social inventory of aluminum ingots at 814,000 mt, (the amount for sale stood at 688,000 mt), an increase of 24,000 mt WoW and 289,000 mt higher YoY.",2024-08-02 17:01,"This increase in total social inventory can indicate a buildup of aluminum supply in the market. The higher amount for sale compared to the total inventory suggests that there may be surplus aluminum available for purchase, which could put downward pressure on prices. It will be important to monitor how this inventory level evolves in the coming weeks to gauge the impact on the aluminum market."
"In July, domestic alumina costs increased by 1.77% MoM, with strong support from mining costs","According to the SMM alumina daily cost model, as of July 31, the weighted average total cost of the domestic alumina industry was 2,867.2 yuan/mt, up 49.7 yuan/mt from the end of June, up 1.77% MoM, and up 7.34% YoY.",2024-08-02 16:59,"This increase in the cost of alumina production can be attributed to several factors, including rising prices of raw materials such as bauxite and caustic soda, as well as increasing energy costs. Additionally, fluctuations in the global market and supply chain disruptions may also have contributed to the overall increase in production costs for the domestic alumina industry.

It will be important for companies in the alumina industry to closely monitor these cost trends and implement strategies to mitigate the impact on their bottom line. This may"
Aluminum prices to move rangebound due to positive macro front but weak fundamentals,"This week, the macro front improved.",2024-08-02 16:57," Global economic data showed signs of recovery as many countries began to reopen their economies following months of lockdowns. Manufacturing activity, consumer confidence, and employment numbers all saw positive gains, signaling a potential turnaround from the economic downturn caused by the COVID-19 pandemic.

Additionally, central banks around the world continued to provide support for their respective economies through monetary policy measures. The Federal Reserve in the U.S. announced that it would keep interest rates near zero for the foreseeable future and continue with its bond-buying program"
SMM Morning Comment For SHFE Base Metals On August 2,"Overnight, LME copper opened at $9,112/mt.",2024-08-02 09:40,"As of this morning, LME copper is trading at $9,150/mt, showing a slight increase from the opening price. Trading volumes have been moderate, with investors closely watching global economic indicators and trade developments that may impact copper demand. Analysts are also keeping an eye on supply disruptions and production cuts that could affect copper prices in the near future."
SMM Aluminum Market Morning Comment (Aug 2),"The most-traded SHFE 2409 aluminum contract opened at 19,230 yuan/mt overnight, reaching a high of 19,330 yuan/mt and a low of 19,225 yuan/mt, and closed at 19,225 yuan/mt, up 50 yuan/mt, an increase of 0.26%.",2024-08-02 09:30,"There were a total of 108,936 lots traded and open interest increased by 9,378 lots to 241,589 lots. Trading volumes were at 91,514 lots.

The SHFE 2409 aluminum contract showed resilience and closed higher despite some volatility throughout the trading session. Market participants were closely monitoring global economic developments, trade tensions, and supply chain disruptions, which could impact aluminum prices.

Overall, the aluminum market remains active and traders are closely watching for any developments that could influence"
"The decline in aluminum prices makes it difficult to drive downstream demand. In July, the domestic aluminum processing sector PMI remained below 50% [SMM Downstream In-depth Analysis]","According to SMM data, the comprehensive PMI index of the domestic aluminum processing industry recorded 41.80% in July 2024, up 0.2 percentage points MoM, remaining below 50% for three consecutive months.",2024-08-01 15:45,"This indicates that the aluminum processing industry in the country is still contracting, with a reading below 50% signaling a decline in overall business activity. While the slight increase from the previous month is a positive sign, the industry is still facing challenges that are impacting its growth.

Factors such as supply chain disruptions, rising raw material costs, and global economic uncertainties may be contributing to the industry's struggles. It will be important for companies in the aluminum processing sector to continue to adapt to these challenges and implement strategies"
Canyon Resources secures mining convention for Minim-Martap Bauxite Project in Cameroon,Canyon Resources Limited has formally signed a mining convention for the Minim-Martap Bauxite Project in Cameroon.,2024-08-01 09:42,"

The signing of the mining convention marks a significant milestone for Canyon Resources Limited as it paves the way for the development and exploitation of the Minim-Martap Bauxite Project. The mining convention outlines the rights and obligations of Canyon Resources Limited regarding the exploration, mining, and processing of bauxite in the project area.

The Minim-Martap Bauxite Project is located in Cameroon's Adamawa Region and is estimated to have significant bauxite resources. Canyon Resources Limited is confident that"
